{
  "project_info": {
    "project_number": "510161106398",
    "project_id": "af-mobile-5d606",
    "storage_bucket": "af-mobile-5d606.firebasestorage.app"
  },
  "client": [
    {
      "client_info": {
        "mobilesdk_app_id": "1:510161106398:android:d060ec826fadccacca594f",
        "android_client_info": {
          "package_name": "com.example.afmobile"
        }
      },
      "oauth_client": [],
      "api_key": [
        {
          "current_key": "AIzaSyAuPM-OmkezK2PwuN-dSWKF-27CGsU8Yz0"
        }
      ],
      "services": {
        "appinvite_service": {
          "other_platform_oauth_client": []
        }
      }
    }
  ],
  "configuration_version": "1"
}